t,x,y,heading,speed,true_offset,true_heading_err,det_offset,det_lookahead,det_confidence,steering,lane_iou,off_track,detect_ms
0.0,798.0058836419975,720.153296936521,2.9977409642536847,120.0,0.011426552689096599,0.07961798999557912,-8.980510839235876,-8.980510839235876,0.606640625,-0.6981317007977318,0.525663646897714,0,2.260167006170377
0.016666666666666666,796.0265412907094,720.4400090855438,2.9306129937595022,120.0,0.17811977505371468,0.15828076532395752,-17.147132282838584,-17.147132282838584,0.515390625,-0.6981317007977318,0.5031373743527262,0,1.763832988217473
0.03333333333333333,794.0708888394248,720.8588449600635,2.8634850232653197,120.0,0.4965526897567906,0.23603611811133662,-25.993622075488503,-25.993622075488503,0.43764322916666665,-0.6981317007977318,0.0,0,1.712041994323954
0.05,792.1477354709285,721.40791792538,2.8556595156105096,120.0,0.9642536898998211,0.24386162576614678,-25.993622075488503,-25.993622075488503,0.0,-0.09750863065277898,0.0,0,1.5678749768994749
0.06666666666666667,790.2289377185515,721.9720235763646,2.8478331332100146,120.0,1.4645277718905783,0.2615180479736341,-25.993622075488503,-25.993622075488503,0.0,-0.09751946132864378,0.0,0,1.3722919975407422
0.08333333333333333,788.3146135926938,722.551129042717,2.8400058760619813,120.0,1.9925674004561569,0.2784716026565537,-25.993622075488503,-25.993622075488503,0.0,-0.09753029200450856,0.0,0,1.4207079948391765
0.09999999999999999,786.4048808691008,723.1452005236331,2.8321777441645555,120.0,2.5469830496256276,0.2948023548736969,-25.993622075488503,-25.993622075488503,0.0,-0.09754112268037335,0.0,0,1.4838339993730187
0.11666666666666665,784.4998570814971,723.754203289361,2.824348737515883,120.0,3.1280845239575386,0.30263136152236925,-25.993622075488503,-25.993622075488503,0.0,-0.09755195335623813,0.0,0,1.4711669937241822
0.13333333333333333,782.599659514231,724.3781016828161,2.81651885611411,120.0,3.7377904388352823,0.318409061747277,-25.993622075488503,-25.993622075488503,0.0,-0.09756278403210292,0.0,0,1.4900829992257059
0.15,780.7044051949271,725.0168591212539,2.8086880999573816,120.0,4.370526272812307,0.33369240381132786,-25.993622075488503,-25.993622075488503,0.0,-0.09757361470796772,0.0,0,1.3279590057209134
0.16666666666666666,778.81421088715,725.670438098002,2.800856469043843,120.0,5.02559423648913,0.34152403472486653,-25.993622075488503,-25.993622075488503,0.0,-0.0975844453838325,0.0,0,1.3633750204462558
0.18333333333333332,776.9291930830785,726.3388001842499,2.793023963371639,120.0,5.70850862448246,0.35636567544523096,-25.993622075488503,-25.993622075488503,0.0,-0.09759527605969728,0.0,0,1.4317499881144613
0.19999999999999998,775.0494679961904,727.0219060308968,2.7851905829389154,120.0,6.412005029305258,0.3708099721774672,-25.993622075488503,-25.993622075488503,0.0,-0.09760610673556207,0.0,0,1.3712499930988997
0.21666666666666665,773.1751515539587,727.719715370459,2.7773563277438162,120.0,7.136745974250954,0.37864422737256676,-25.993622075488503,-25.993622075488503,0.0,-0.09761693741142685,0.0,0,1.455459016142413
0.2333333333333333,771.3063593905606,728.4321870190332,2.769521197784486,120.0,7.886433044713291,0.3927317489658331,-25.993622075488503,-25.993622075488503,0.0,-0.09762776808729165,0.0,0,1.4314160216599703
0.24999999999999997,769.4432068395979,729.1592788783202,2.7616851930590682,120.0,8.654856938230663,0.4064966097600043,-25.993622075488503,-25.993622075488503,0.0,-0.09763859876315643,0.0,0,1.4137079997453839
0.26666666666666666,767.5858089268309,729.9009479377049,2.7538483135657077,120.0,9.445644650642176,0.4143334892533644,-25.993622075488503,-25.993622075488503,0.0,-0.09764942943902122,0.0,0,1.425374997779727
0.2833333333333333,765.7342803629251,730.6571502763957,2.746010559302548,120.0,10.257064624563698,0.42780753786321607,-25.993622075488503,-25.993622075488503,0.0,-0.097660260114886,0.0,0,1.4477079967036843
0.3,763.8887355362127,731.42784106562,2.738171930267732,120.0,11.086818482784308,0.4356461668980318,-25.993622075488503,-25.993622075488503,0.0,-0.09767109079075079,0.0,0,1.4242079923860729
0.31666666666666665,762.0492885054671,732.2129745708795,2.730332426459404,120.0,11.939504919166524,0.44885693611574173,-25.993622075488503,-25.993622075488503,0.0,-0.09768192146661557,0.0,0,1.428249990567565
0.3333333333333333,760.2160529926929,733.0125041542617,2.722492047875707,120.0,12.808595315427155,0.4618281234382214,-25.993622075488503,-25.993622075488503,0.0,-0.09769275214248037,0.0,0,1.4273750130087137
0.35,758.389142375931,733.8263822768099,2.714650794514783,120.0,13.69976623298875,0.46966937679914467,-25.993622075488503,-25.993622075488503,0.0,-0.09770358281834515,0.0,0,1.4264170022215694
0.36666666666666664,756.5686696820792,734.6545605009501,2.706808666374776,120.0,14.607762749165671,0.4824238729514809,-25.993622075488503,-25.993622075488503,0.0,-0.09771441349420994,0.0,0,1.4359999913722277
0.3833333333333333,754.754747579729,735.4969894929759,2.6989656634538277,120.0,15.535618309015812,0.4902668758724291,-25.993622075488503,-25.993622075488503,0.0,-0.09772524417007472,0.0,0,1.4567090256605297
0.39999999999999997,752.9474883720192,736.3536190255905,2.6911217857500804,120.0,16.48118083167598,0.502824482124762,-25.993622075488503,-25.993622075488503,0.0,-0.0977360748459395,0.0,0,1.486875000409782
0.41666666666666663,751.1470039895055,737.2243979805063,2.6832770332616764,120.0,17.44498551010075,0.5106692346131666,-25.993622075488503,-25.993622075488503,0.0,-0.0977469055218043,0.0,0,1.4094999933149666
0.4333333333333333,749.3534059830494,738.1092743511008,2.6754314059867577,120.0,18.426878564830037,0.5230478276888219,-25.993622075488503,-25.993622075488503,0.0,-0.09775773619766909,0.0,0,1.4740000187885016
0.44999999999999996,747.5668055167232,739.0081952451304,2.6675849039234656,120.0,19.425924143334978,0.5308943297521138,-25.993622075488503,-25.993622075488503,0.0,-0.09776856687353387,0.0,0,1.4300420007202774
0.4666666666666666,745.7873133607347,739.921106887501,2.6597375270699417,120.0,20.443000980759045,0.5431101093566346,-25.993622075488503,-25.993622075488503,0.0,-0.09777939754939866,0.0,0,1.3858329912181944
0.4833333333333333,744.0150398843704,740.8479546230948,2.6518892754243275,120.0,21.4766031179343,0.5509583610022484,-25.993622075488503,-25.993622075488503,0.0,-0.09779022822526344,0.0,0,1.385917013976723
0.49999999999999994,742.2500950489572,741.7886829196545,2.6440401489847636,120.0,22.52779214996166,0.5630260619560048,-25.993622075488503,-25.993622075488503,0.0,-0.09780105890112824,0.0,0,1.381209003739059
0.5166666666666666,740.4925884008455,742.7432353707243,2.636190147749391,120.0,23.595287366799244,0.5708760631913778,-25.993622075488503,-25.993622075488503,0.0,-0.09781188957699302,0.0,0,1.3593749899882823
0.5333333333333333,738.7426290644112,743.7115546986457,2.6283392717163503,120.0,24.67958054647846,0.5828091380358277,-25.993622075488503,-25.993622075488503,0.0,-0.0978227202528578,0.0,0,1.3958330091554672
0.55,737.0003257350787,744.693582757612,2.620487520883782,120.0,25.78032356737766,0.5906608888683957,-25.993622075488503,-25.993622075488503,0.0,-0.09783355092872259,0.0,0,1.43833298352547
0.5666666666666668,735.2657866723658,745.689260536777,2.612634895249826,120.0,26.89676638071499,0.602471665750395,-25.993622075488503,-25.993622075488503,0.0,-0.09784438160458737,0.0,0,1.4274580171331763
0.5833333333333335,733.5391196929489,746.698528163421,2.604781394812623,120.0,28.03012778142146,0.6103251661875987,-25.993622075488503,-25.993622075488503,0.0,-0.09785521228045217,0.0,0,1.4222089957911521
0.6000000000000002,731.8204321637515,747.7213249061716,2.596927019570312,120.0,29.17781057916405,0.6220249859732141,-25.993622075488503,-25.993622075488503,0.0,-0.09786604295631696,0.0,0,1.4607500052079558
0.6166666666666669,730.1098309950544,748.7575891782817,2.589071769521033,120.0,30.343174700329712,0.6298802360224942,-25.993622075488503,-25.993622075488503,0.0,-0.09787687363218174,0.0,0,1.4294170250650495
0.6333333333333336,728.407422633629,749.8072585409618,2.5812156446629246,120.0,31.521270662587735,0.6377363608806024,-25.993622075488503,-25.993622075488503,0.0,-0.09788770430804652,0.0,0,1.3885000080335885
0.6500000000000004,726.7133130558948,750.8702697067682,2.573358644994127,120.0,32.71798823664103,0.6493365715748391,-25.993622075488503,-25.993622075488503,0.0,-0.09789853498391131,0.0,0,1.4576250105164945
0.6666666666666671,725.0276077610993,751.9465585430471,2.565500770512778,120.0,33.92730449258402,0.6571944460561883,-25.993622075488503,-25.993622075488503,0.0,-0.09790936565977611,0.0,0,1.4172920200508088
0.6833333333333338,723.3504117645235,753.0360600754325,2.557642021217017,120.0,35.153133245614136,0.6687038831918443,-25.993622075488503,-25.993622075488503,0.0,-0.09792019633564089,0.0,0,1.3786669878754765
0.7000000000000005,721.6818295907117,754.1387084914007,2.5497823971049822,120.0,36.393072328178825,0.6765635073038789,-25.993622075488503,-25.993622075488503,0.0,-0.09793102701150568,0.0,0,1.4005000120960176
0.7166666666666672,720.021965266726,755.2544371438784,2.541921898174812,120.0,37.64720819590883,0.6879912106562538,-25.993622075488503,-25.993622075488503,0.0,-0.09794185768737046,0.0,0,1.4394589816220105
0.733333333333334,718.3709223154277,756.3831785549058,2.534060524424645,120.0,38.917181452308,0.6958525844064207,-25.993622075488503,-25.993622075488503,0.0,-0.09795268836323524,0.0,0,1.4127919857855886
0.7500000000000007,716.7288037487835,757.5248644193547,2.526198275852618,120.0,40.199261526934244,0.703714832978448,-25.993622075488503,-25.993622075488503,0.0,-0.09796351903910004,0.0,0,1.475625002058223
0.7666666666666674,715.0957120611989,758.6794256086998,2.5183351524568693,120.0,41.49826489739369,0.7150701282435412,-25.993622075488503,-25.993622075488503,0.0,-0.09797434971496483,0.0,0,1.4252080000005662
0.7833333333333341,713.4717492228784,759.8467921748453,2.5104711542355362,120.0,42.80960563428905,0.7229341264648748,-25.993622075488503,-25.993622075488503,0.0,-0.09798518039082961,0.0,0,1.4385829854290932
0.8000000000000008,711.8570166732135,761.0268933540044,2.5026062811867558,120.0,44.13497571312364,0.7342240734275125,-25.993622075488503,-25.993622075488503,0.0,-0.0979960110666944,0.0,0,1.4315420121420175
0.8166666666666675,710.2516153141978,762.2196575706334,2.4947405333086654,120.0,45.474998408392175,0.7420898213056033,-25.993622075488503,-25.993622075488503,0.0,-0.09800684174255918,0.0,0,1.4600419963244349
0.8333333333333343,708.6556455038714,763.425012441419,2.4868739105994013,120.0,46.826657819204556,0.7499564440148669,-25.993622075488503,-25.993622075488503,0.0,-0.09801767241842398,0.0,0,1.4367089897859842
0.850000000000001,707.0692070497927,764.6428847793184,2.4790064130571006,120.0,48.19411296212048,0.7611894008126348,-25.993622075488503,-25.993622075488503,0.0,-0.09802850309428876,0.0,0,1.462250016629696
0.8666666666666677,705.4923992025412,765.8732005976535,2.4711380406798993,120.0,49.57367911841605,0.769057773189836,-25.993622075488503,-25.993622075488503,0.0,-0.09803933377015354,0.0,0,1.4645420014858246
0.8833333333333344,703.9253206492479,767.1158851142578,2.463268793465934,120.0,50.96563150555488,0.7802399554542385,-25.993622075488503,-25.993622075488503,0.0,-0.09805016444601833,0.0,0,1.4550419873557985
0.9000000000000011,702.3680695071574,768.3708627556754,2.4553986714133407,120.0,52.37253147862045,0.788110077506831,-25.993622075488503,-25.993622075488503,0.0,-0.09806099512188311,0.0,0,1.3842500047758222
0.9166666666666679,700.8207433172197,769.638057161413,2.4475276745202543,120.0,53.79057506160783,0.7959810743999178,-25.993622075488503,-25.993622075488503,0.0,-0.09807182579774791,0.0,0,1.3932500150986016
0.9333333333333346,699.2834390377128,770.9173911882449,2.439655802784811,120.0,55.221905311065136,0.8071201075308337,-25.993622075488503,-25.993622075488503,0.0,-0.0980826564736127,0.0,0,0.9480000007897615
0.9500000000000013,697.7562530378971,772.2087869145683,2.4317830562051466,120.0,56.66650229553106,0.8149928541104983,-25.993622075488503,-25.993622075488503,0.0,-0.09809348714947748,0.0,0,0.9374169749207795
0.966666666666668,696.2392810917011,773.512165644813,2.4239094347793952,120.0,58.12194369041346,0.82286647553625,-25.993622075488503,-25.993622075488503,0.0,-0.09810431782534226,0.0,0,0.9643750090617687
0.9833333333333347,694.7326183714397,774.8274479139,2.416034938505692,120.0,59.5910708093479,0.8339688184805889,-25.993622075488503,-25.993622075488503,0.0,-0.09811514850120705,0.0,0,0.9600409830454737
1.0000000000000013,693.2363594415652,776.1545534917539,2.408159567382172,120.0,61.07227883275635,0.8418441896041096,-25.993622075488503,-25.993622075488503,0.0,-0.09812597917707185,0.0,1,0.9160419867839664
1.016666666666668,691.7505982524507,777.4934013878649,2.4002833214069694,120.0,62.56402439475488,0.849720435579312,-25.993622075488503,-25.993622075488503,0.0,-0.09813680985293663,0.0,1,0.9387919853907079
1.0333333333333345,690.2754281342073,778.8439098559027,2.3924062005782187,120.0,64.06937146497933,0.8607923000380568,-25.993622075488503,-25.993622075488503,0.0,-0.09814764052880141,0.0,1,0.9409170015715063
1.0500000000000012,688.8109417905358,780.2059963983806,2.3845282048940537,120.0,65.58608996739584,0.8686702957222219,-25.993622075488503,-25.993622075488503,0.0,-0.0981584712046662,0.0,1,0.9406660101376474
1.0666666666666678,687.3572312926117,781.5795777713706,2.3766493343526083,120.0,67.11303163329549,0.8765491662636677,-25.993622075488503,-25.993622075488503,0.0,-0.09816930188053098,0.0,1,0.9336250077467412
1.0833333333333344,685.9143880730054,782.9645699892679,2.3687695889520164,120.0,68.65302010621645,0.8875965578154725,-25.993622075488503,-25.993622075488503,0.0,-0.09818013255639578,0.0,1,0.9289160079788417
1.100000000000001,684.4825029196378,784.3608883296064,2.360888968690411,120.0,70.20413360457121,0.8954771780770783,-25.993622075488503,-25.993622075488503,0.0,-0.09819096323226056,0.0,1,0.9431669896002859
1.1166666666666676,683.061665969771,785.768447337923,2.353007473565926,120.0,71.76514855696851,0.903358673201563,-25.993622075488503,-25.993622075488503,0.0,-0.09820179390812535,0.0,1,0.9514160046819597
1.1333333333333342,681.6519667040351,787.1871608326724,2.3451251035766933,120.0,73.33819284174888,0.9143874297606394,-25.993622075488503,-25.993622075488503,0.0,-0.09821262458399013,0.0,1,0.9444580064155161
1.1500000000000008,680.2534939404916,788.6169419101899,2.3372418587208466,120.0,74.92257063902484,0.9222706746164857,-25.993622075488503,-25.993622075488503,0.0,-0.09822345525985492,0.0,1,0.954833987634629
1.1666666666666674,678.8663358287332,790.0577029497044,2.329357738996518,120.0,76.51652101554613,0.9301547943408137,-25.993622075488503,-25.993622075488503,0.0,-0.09823428593571971,0.0,1,0.9452080121263862
1.183333333333334,677.4905798440212,791.5093556183994,2.32147274440184,120.0,78.12102327366169,0.9411706224738323,-25.993622075488503,-25.993622075488503,0.0,-0.0982451166115845,0.0,1,0.9470410004723817
1.2000000000000006,676.1263127814601,792.9718108765221,2.3135868749349453,120.0,79.73751920574759,0.9490564919407272,-25.993622075488503,-25.993622075488503,0.0,-0.09825594728744928,0.0,1,0.9638330084271729
1.2166666666666672,674.7736207502105,794.4449789825419,2.305700130593965,120.0,81.36325184601502,0.9569432362817081,-25.993622075488503,-25.993622075488503,0.0,-0.09826677796331407,0.0,1,0.9907920029945672
1.2333333333333338,673.4325891677403,795.9287694983552,2.297812511377031,120.0,82.99812110354716,0.964830855498642,-25.993622075488503,-25.993622075488503,0.0,-0.09827760863917885,0.0,1,0.9471669909544289
1.2500000000000004,672.1033027541147,797.4230912945392,2.2899240172822752,120.0,84.64504912368699,0.9758402399586327,-25.993622075488503,-25.993622075488503,0.0,-0.09828843931504365,0.0,1,0.914708012714982
1.266666666666667,670.7858455263253,798.9278525556518,2.2820346483078287,120.0,86.30139534719459,0.9837296089330788,-25.993622075488503,-25.993622075488503,0.0,-0.09829926999090843,0.0,1,0.947291002376005
1.2833333333333337,669.4803007926589,800.44296078558,2.2741444044518224,120.0,87.96653347888792,0.9916198527890849,-25.993622075488503,-25.993622075488503,0.0,-0.09831010066677322,0.0,1,0.9728329896461219
1.3000000000000003,668.1867511471065,801.9683228129333,2.266253285712388,120.0,89.64117644022475,1.002627465325981,-25.993622075488503,-25.993622075488503,0.0,-0.098320931342638,0.0,1,0.9481249726377428
1.3166666666666669,666.9052784638121,803.5038447964849,2.2583612920876552,120.0,91.3269518485683,1.0105194589507136,-25.993622075488503,-25.993622075488503,0.0,-0.09833176201850279,0.0,1,0.9419170091859996
1.3333333333333335,665.6359638915629,805.0494322306587,2.250468423575755,120.0,93.02116786889685,1.0184123274626133,-25.993622075488503,-25.993622075488503,0.0,-0.09834259269436758,0.0,1,0.932042021304369
1.35,664.3788878483202,806.6049899510616,2.242574680174817,120.0,94.72371989808642,1.0263060708635516,-25.993622075488503,-25.993622075488503,0.0,-0.09835342337023237,0.0,1,0.9104589989874512
1.3666666666666667,663.1341300157919,808.1704221400623,2.234680061882972,120.0,96.43586228281379,1.0373183023755106,-25.993622075488503,-25.993622075488503,0.0,-0.09836425404609715,0.0,1,0.9256669727619737
1.3833333333333333,661.9017693340475,809.7456323324145,2.2267845686983496,120.0,98.15794947925397,1.045213795560133,-25.993622075488503,-25.993622075488503,0.0,-0.09837508472196194,0.0,1,0.9068330109585077
1.4,660.6818839961741,811.3305234209255,2.2188882006190793,120.0,99.88801312443057,1.053110163639403,-25.993622075488503,-25.993622075488503,0.0,-0.09838591539782672,0.0,1,0.9180839988403022
1.4166666666666665,659.4745514429768,812.9249976621693,2.2109909576432907,120.0,101.62594623471078,1.0610074066151916,-25.993622075488503,-25.993622075488503,0.0,-0.09839674607369152,0.0,1,0.9116669825743884
1.4333333333333331,658.2798483577208,814.5289566822443,2.2030928397691127,120.0,103.37273843607238,1.0720297747464322,-25.993622075488503,-25.993622075488503,0.0,-0.0984075767495563,0.0,1,0.9486249764449894
1.4499999999999997,657.0978506609172,816.142301482574,2.1951938469946746,120.0,105.1290849173017,1.0799287675208709,-25.993622075488503,-25.993622075488503,0.0,-0.09841840742542109,0.0,1,0.9352499910164624
1.4666666666666663,655.9286335051534,817.7649324457531,2.187293979318105,120.0,106.89293337882079,1.0878286351974398,-25.993622075488503,-25.993622075488503,0.0,-0.09842923810128587,0.0,1,0.9601670026313514
1.483333333333333,654.7722712699663,819.396749341435,2.179393236737533,120.0,108.66417458011412,1.0957293777780122,-25.993622075488503,-25.993622075488503,0.0,-0.09844006877715065,0.0,1,0.9444580064155161
1.4999999999999996,653.6288375567615,821.037651332264,2.171491619251086,120.0,110.44270874731144,1.1067674340283784,-25.993622075488503,-25.993622075488503,0.0,-0.09845089945301545,0.0,1,0.9358329989481717
1.5166666666666662,652.4984051837762,822.6875369798489,2.1635891268568925,120.0,112.2312219687226,1.114669926422572,-25.993622075488503,-25.993622075488503,0.0,-0.09846173012888024,0.0,1,0.963500002399087
1.5333333333333328,651.3810461810881,824.3463042507799,2.1556857595530805,120.0,114.02675286456775,1.122573293726384,-25.993622075488503,-25.993622075488503,0.0,-0.09847256080474502,0.0,1,0.9086249920073897
1.5499999999999994,650.2768317856696,826.0138505226868,2.1477815173377777,120.0,115.82919006393912,1.1304775359416868,-25.993622075488503,-25.993622075488503,0.0,-0.0984833914806098,0.0,1,0.9087910002563149
1.566666666666666,649.1858324364881,827.6900725903394,2.1398764002091117,120.0,117.63842172722492,1.1383826530703527,-25.993622075488503,-25.993622075488503,0.0,-0.09849422215647459,0.0,1,0.9387909958604723
1.5833333333333326,648.1081177696526,829.3748666717889,2.13197040816521,120.0,119.45504113543113,1.149442890326304,-25.993622075488503,-25.993622075488503,0.0,-0.09850505283233939,0.0,1,0.9435410029254854
1.5999999999999992,647.043756613607,831.0681284145509,2.1240635412041993,120.0,121.28011358807026,1.1573497572873148,-25.993622075488503,-25.993622075488503,0.0,-0.09851588350820417,0.0,1,0.9697499917820096
1.6166666666666658,645.9928169843704,832.7697529018277,2.1161557993242064,120.0,123.11159667531085,1.1652574991673073,-25.993622075488503,-25.993622075488503,0.0,-0.09852671418406896,0.0,1,0.9162500209640712
1.6333333333333324,644.9553660808247,834.4796346587724,2.108247182523358,120.0,124.94937658642746,1.1731661159681563,-25.993622075488503,-25.993622075488503,0.0,-0.09853754485993374,0.0,1,0.9266250126529485
1.649999999999999,643.9314702800501,836.1976676587919,2.100337690799781,120.0,126.79333907886395,1.1810756076917335,-25.993622075488503,-25.993622075488503,0.0,-0.09854837553579852,0.0,1,0.9336250077467412
1.6666666666666656,642.9211951327088,837.9237453298904,2.0924273241516014,120.0,128.6434707324924,1.1921637438119623,-25.993622075488503,-25.993622075488503,0.0,-0.09855920621166332,0.0,1,0.8818329952191561
1.6833333333333322,641.9246053584767,839.6577605610507,2.084516082576945,120.0,130.50181267280897,1.2000749853866186,-25.993622075488503,-25.993622075488503,0.0,-0.0985700368875281,0.0,1,0.9340829856228083
1.6999999999999988,640.941764841524,841.399605708656,2.076603966073938,120.0,132.36594518257533,1.207987101889625,-25.993622075488503,-25.993622075488503,0.0,-0.09858086756339289,0.0,1,0.8834580075927079
1.7166666666666655,639.9727366260452,843.149172602949,2.0686909746407056,120.0,134.23575221158143,1.2159000933228585,-25.993622075488503,-25.993622075488503,0.0,-0.09859169823925767,0.0,1,0.8691249822732061
1.733333333333332,639.0175829118378,844.9063525545293,2.0607771082753734,120.0,136.11111731561465,1.2238139596881903,-25.993622075488503,-25.993622075488503,0.0,-0.09860252891512246,0.0,1,0.8916659862734377
1.7499999999999987,638.076365049932,846.6710363608894,2.0528623669760666,120.0,137.9919236635511,1.231728700987497,-25.993622075488503,-25.993622075488503,0.0,-0.09861335959098726,0.0,1,0.9373330103699118
1.7666666666666653,637.1491435382684,848.4431143129864,2.0449467507409103,120.0,139.8783195380593,1.2428514632353471,-25.993622075488503,-25.993622075488503,0.0,-0.09862419026685204,0.0,1,0.9192920115310699
1.7833333333333319,636.2359780174287,850.2224762018526,2.037030259568029,120.0,141.77173213376074,1.2507679544082289,-25.993622075488503,-25.993622075488503,0.0,-0.09863502094271683,0.0,1,0.9583749924786389
1.7999999999999985,635.3369272664149,852.0090113252413,2.0291128934555474,120.0,143.6701851191533,1.2586853205207105,-25.993622075488503,-25.993622075488503,0.0,-0.09864585161858161,0.0,1,0.9250839939340949
1.816666666666665,634.4520491984807,853.8026084943094,2.0211946524015896,120.0,145.5735600545626,1.2666035615746678,-25.993622075488503,-25.993622075488503,0.0,-0.0986566822944464,0.0,1,0.9300000092480332
1.8333333333333317,633.5814008570136,855.6031560403355,2.01327553640428,120.0,147.48173815228236,1.2745226775719776,-25.993622075488503,-25.993622075488503,0.0,-0.09866751297031119,0.0,1,0.8924999856390059
1.8499999999999983,632.7250384114693,857.410541821474,2.005355545461742,120.0,149.39460028384894,1.2824426685145147,-25.993622075488503,-25.993622075488503,0.0,-0.09867834364617598,0.0,1,0.9136250009760261
1.866666666666665,631.8830171533576,859.2246532295436,1.9974346795721003,120.0,151.31202698734214,1.2903635344041569,-25.993622075488503,-25.993622075488503,0.0,-0.09868917432204076,0.0,1,0.8656250138301402
1.8833333333333315,631.0553914922808,861.045377196851,1.9895129387334776,120.0,153.23415846705277,1.3015278207815897,-25.993622075488503,-25.993622075488503,0.0,-0.09870000499790554,0.0,1,0.8782910008449107
1.8999999999999981,630.2422149520244,862.8726002030481,1.9815903229439975,120.0,155.16208996893585,1.3094504365710693,-25.993622075488503,-25.993622075488503,0.0,-0.09871083567377033,0.0,1,0.9290419984608889
1.9166666666666647,629.4435401667006,864.7062082820247,1.973666832201783,120.0,157.09417617047242,1.317373927313284,-25.993622075488503,-25.993622075488503,0.0,-0.09872166634963513,0.0,1,0.9300829842686653
1.9333333333333313,628.6594188769459,866.5460870288321,1.9657424665049568,120.0,159.0302962381517,1.3252982930101107,-25.993622075488503,-25.993622075488503,0.0,-0.09873249702549991,0.0,1,0.9318749944213778
1.949999999999998,627.8899019261708,868.3921216066419,1.9578172258516418,120.0,160.97032904498744,1.333223533663425,-25.993622075488503,-25.993622075488503,0.0,-0.0987433277013647,0.0,1,0.9183340007439256
1.9666666666666646,627.1350392568642,870.244196753737,1.94989111023996,120.0,162.91415317798072,1.3411496492751074,-25.993622075488503,-25.993622075488503,0.0,-0.09875415837722948,0.0,1,0.903791980817914
1.9833333333333312,626.3948799069514,872.1021967905338,1.9419641196680342,120.0,164.86164694560685,1.3490766398470326,-25.993622075488503,-25.993622075488503,0.0,-0.09876498905309426,0.0,1,0.9401249990332872
1.9999999999999978,625.6694720062065,873.9660056266371,1.9340362541339862,120.0,166.8126883853256,1.357004505381081,-25.993622075488503,-25.993622075488503,0.0,-0.09877581972895906,0.0,1,0.9407920006196946
2.0166666666666644,624.95886277272,875.8355067679269,1.9261075136359376,120.0,168.76715527111466,1.3649332458791295,-25.993622075488503,-25.993622075488503,0.0,-0.09878665040482384,0.0,1,0.9446249750908464
2.033333333333331,624.2630985094197,877.7105833236744,1.9181778981720101,120.0,170.72518119607227,1.3761470384471555,-25.993622075488503,-25.993622075488503,0.0,-0.09879748108068863,0.0,1,0.8850829908624291
2.0499999999999976,623.582224600649,879.5911180136909,1.910247407740325,120.0,172.68741232686435,1.384077528878841,-25.993622075488503,-25.993622075488503,0.0,-0.09880831175655341,0.0,1,0.9142500057350844
2.066666666666664,622.9162855087985,881.4769931755045,1.9023160423390038,120.0,174.65264959074452,1.3920088942801618,-25.993622075488503,-25.993622075488503,0.0,-0.0988191424324182,0.0,1,0.8989999769255519
2.083333333333331,622.2653247709947,883.3680907715682,1.8943838019661672,120.0,176.62076970052885,1.3999411346529984,-25.993622075488503,-25.993622075488503,0.0,-0.098829973108283,0.0,1,0.900916988030076
2.0999999999999974,621.6293849958437,885.2642923964966,1.886450686619936,120.0,178.59164914674142,1.40787424999923,-25.993622075488503,-25.993622075488503,0.0,-0.09884080378414778,0.0,1,0.9361669945064932
2.116666666666664,621.0085078602323,887.1654792843314,1.8785166962984308,120.0,180.56516420528177,1.4158082403207344,-25.993622075488503,-25.993622075488503,0.0,-0.09885163446001256,0.0,1,0.9550830000080168
2.1333333333333306,620.4027341061843,889.0715323158356,1.8705818309997717,120.0,182.54119094511262,1.4237431056193943,-25.993622075488503,-25.993622075488503,0.0,-0.09886246513587735,0.0,1,0.9310410241596401
2.1499999999999972,619.8121035377746,890.9823320258157,1.862646090722079,120.0,184.5196052359659,1.4316788458970866,-25.993622075488503,-25.993622075488503,0.0,-0.09887329581174213,0.0,1,0.9072920074686408
2.166666666666664,619.2366550180993,892.8977586104708,1.8547094754634725,120.0,186.50028275606795,1.4396154611556933,-25.993622075488503,-25.993622075488503,0.0,-0.09888412648760693,0.0,1,0.9411670034751296
2.1833333333333305,618.676426466304,894.8176919347696,1.8467719852220719,120.0,188.48309899988232,1.4475529513970937,-25.993622075488503,-25.993622075488503,0.0,-0.09889495716347171,0.0,1,0.9512919932603836
2.199999999999997,618.1314548546685,896.7420115398538,1.8388336199959967,120.0,190.4679292858702,1.455491316623169,-25.993622075488503,-25.993622075488503,0.0,-0.0989057878393365,0.0,1,0.9256250050384551
2.2166666666666637,617.601776205751,898.6705966504675,1.8308943797833663,120.0,192.4546487642687,1.4634305568357997,-25.993622075488503,-25.993622075488503,0.0,-0.09891661851520128,0.0,1,0.8982909785117954
2.2333333333333303,617.0874255895878,900.6033261824125,1.8229542645822996,120.0,194.4431324248847,1.4713706720368658,-25.993622075488503,-25.993622075488503,0.0,-0.09892744919106607,0.0,1,0.9052079985849559
2.249999999999997,616.5884371209537,902.5400787500292,1.8150132743909153,120.0,196.43325510490564,1.4793116622282503,-25.993622075488503,-25.993622075488503,0.0,-0.09893827986693086,0.0,1,0.9043340105563402
2.2666666666666635,616.1048439566788,904.480732673702,1.8070714092073323,120.0,198.42489149672573,1.4872535274118335,-25.993622075488503,-25.993622075488503,0.0,-0.09894911054279565,0.0,1,0.8741249912418425
2.28333333333333,615.6366782930253,906.425165987389,1.799128669029669,120.0,200.41791615578725,1.4951962675894965,-25.993622075488503,-25.993622075488503,0.0,-0.09895994121866043,0.0,1,0.8660419844090939
2.2999999999999967,615.1839713631225,908.3732564461764,1.7911850538560434,120.0,202.41245770039268,1.506472173505655,-25.993622075488503,-25.993622075488503,0.0,-0.09897077189452522,0.0,1,0.8823749958537519
2.3166666666666633,614.7467534344613,910.3248815338552,1.7832405636845736,120.0,204.40832153014182,1.5144166636771248,-25.993622075488503,-25.993622075488503,0.0,-0.09898160257039,0.0,1,0.9078750154003501
2.33333333333333,614.3250538064477,912.2799184705225,1.7752951985133776,120.0,206.40514370563272,1.5223620288483206,-25.993622075488503,-25.993622075488503,0.0,-0.0989924332462548,0.0,1,0.9457499836571515
2.3499999999999965,613.9189008080161,914.2382442202038,1.7673489583405726,120.0,208.4027982829758,1.5303082690211263,-25.993622075488503,-25.993622075488503,0.0,-0.09900326392211958,0.0,1,0.9427499899175018
2.366666666666663,613.5283217953022,916.1997354984989,1.7594018431642762,120.0,210.40115922407867,1.538255384197422,-25.993622075488503,-25.993622075488503,0.0,-0.09901409459798437,0.0,1,1.0248329781461507
2.3833333333333298,613.1533431493757,918.1642687802478,1.7514538529826056,120.0,212.40010040457165,1.5462033743790935,-25.993622075488503,-25.993622075488503,0.0,-0.09902492527384915,0.0,1,0.924084015423432
2.3999999999999964,612.7939902740338,920.1317203072196,1.7435049877936775,120.0,214.39949562174579,1.554152239568021,-25.993622075488503,-25.993622075488503,0.0,-0.09903575594971394,0.0,1,0.9398339898325503
2.416666666666663,612.4502875936543,922.1019660958206,1.7355552475956089,120.0,216.39921860250138,1.56210197976609,-25.993622075488503,-25.993622075488503,0.0,-0.09904658662557873,0.0,1,0.9375420049764216
2.4333333333333296,612.1222585511094,924.0748819448236,1.7276046323865162,120.0,218.39914301130733,1.5700525949751827,-25.993622075488503,-25.993622075488503,0.0,-0.09905741730144352,0.0,1,0.9582499915268272
2.449999999999996,611.8099256057412,926.0503434431165,1.7196531421645156,120.0,220.3991424581704,1.5780040851971828,-25.993622075488503,-25.993622075488503,0.0,-0.0990682479773083,0.0,1,0.8933749923016876
2.466666666666663,611.5133102313965,928.0282259774705,1.7117007769277233,120.0,222.39909050661413,1.5859564504339752,-25.993622075488503,-25.993622075488503,0.0,-0.09907907865317309,0.0,1,0.9103329794015735
2.4833333333333294,611.2324329145241,930.0084047403267,1.7037475366742552,120.0,224.3988606816672,1.5939096906874435,-25.993622075488503,-25.993622075488503,0.0,-0.09908990932903787,0.0,1,0.8787499973550439
2.499999999999996,610.9673131523328,931.9907547376015,1.695793421402227,120.0,226.39832647785954,1.6018638059594716,-25.993622075488503,-25.993622075488503,0.0,-0.09910074000490267,0.0,1,0.9220830106642097
